name,type,description,count_all_sheets,sheets,unit_price
IN-FAN,Ceiling fan,Ceiling fan,4,4,680
X-DOUBLE,Exit sign,"Exit sign, double face",2,5,290
X-SINGLE,Exit sign,"Exit sign, single face",1,1,260
Junction box,Junction box,,6,6,95
B-NL,Light fixture,"Recessed light, emergency, type B",1,1,310
CL4,Light fixture,"Strip light, emergency, type CL4",2,4,240
D,Light fixture,"Light fixture, type D",11,4 5,420
D-NL,Light fixture,"Light fixture, type D, night light",6,4 5,420
D1,Light fixture,"Light fixture, type D1",7,2,340
D2,Light fixture,"Light fixture, type D2",19,2,320
D6,Light fixture,"Light fixture over table, type D6",8,1,380
D7,Light fixture,"Light fixture, type D7",5,4,240
D8,Light fixture,"Light fixture, type D8",13,4,360
D9,Light fixture,"Light fixture, type D9",10,5,380
E,Light fixture,"Light fixture, type E",2,4,175
E1,Light fixture,"Light fixture, type E1",18,1 2,180
E1-NL,Light fixture,"Light fixture, type E1, night light",4,2,180
E2,Light fixture,"Light fixture, type E2",12,1,195
E2-NL,Light fixture,"Light fixture, type E2, night light",12,1,195
L,Light fixture,"Linear light, type L",10,5,520
M,Light fixture,"Light fixture, type M",4,4,230
W2,Light fixture,"Wall light, type W2",4,1,260
FE,Panelboard,Not yet identified (likely a surface mounted panelboard),1,1,3800
G,Panelboard,Not yet identified (likely a surface mounted panelboard),1,1,3800
Surface mounted panelboard,Panelboard,,3,3,3800
Duplex receptacle,Receptacle,,50,3 6,140
"Duplex receptacle, GFI",Receptacle,,2,3,185
"Duplex receptacle, above counter",Receptacle,,1,6,140
"Duplex receptacle, isolated ground",Receptacle,,3,6,170
Floor receptacle,Receptacle,,1,3,420
"Floor receptacle, isolated ground",Receptacle,,1,3,450
Quad receptacle,Receptacle,,11,3 6,195
"Quad receptacle, isolated ground",Receptacle,,11,3 6,230
Special purpose receptacle,Receptacle,,13,6,380
Occupancy sensor,Sensor,,3,1 4,210
Single pole wall switch,Switch,,2,1 4,110
H,Track light head,"Track light head, type H",42,1 4 5,165
K,Track light head,"Track light head, type K",6,4 5,190
